,,mobile,board,global,way,director,financial,development,add,country,good,world,system,datum,provide,product,people,help,time,use,asia,industry,work,market,technology,new,customer,need,service,business,company,low,fall,export,point,increase,japanese,trade,report,high,bank,continue,sector,policy,airline,economist,inflation,government,rate,expect,china,month,rise,economic,japan,economy,growth,local,keppel,supply,firm,trading,large,water,day,project,state,oil price,cost,come,week,billion,stock,gas,price,oil,term,risk,kong,hong kong,group,hong,interest,capital,bond,asset,fund,investor,investment,launch,operator,manager,plant,mall,award,fee,design,public,solar,trust,hotel,unit,bus,property,energy,reit,income,result,ago,yesterday,loss,2014,net profit,earning,end,share,profit,net,quarter,revenue,home,find,chef,include,start,run,play,open,artist,look,know,wine,restaurant,old,food,want,like,art,issue,stake,offer,acquisition,acquire,average,shareholder,close,value,purchase,holding,buy,2013,sale,square,rent,residential,building,developer,sq ft,ft,psf,office,space,area,sq,land,site,pay,minister,big,small,speed,drive,engine,vehicle,model,premium,coe,cat,sport,tax,worker,car,counter,exchange,noble,list,sgx,dollar,equity,build,ship,management,develop,programme,international,information publish,publish,base,corporate,information,remain,2015,productivity,change,future,sme,job,support,singaporean,lee,place,brand,buyer,estate,private,party,sell,partner,team,network,region,startup,platform,city,south,republican,lead,member,asian,leader,asean,chinese,political,american,president,insurance,plan,life,insurer,win,leave,european,brexit,uk,eu,court,charge,malaysia,authority,mas,investigation,money,transaction,account,deal,1mdb,interest rate,fiscal,currency,yen,central bank,monetary,central,2016,foreign,donald,east,clinton,candidate,election,presidential,trump,consumer,payment,innovation,film,social,manage,organisation,security,road,lease,2017,solution,digital,house,thing,think,kmh,agent,second,demand,port,grow,index,fed,debt,hike,note,hold,target price,target,tender,club,green,line,construction,golf,watch,north,korea,airport,south east,grab,chairman,propose,governance,restructuring,independent,executive,set,serve,experience,star,feature,feel,create,white,believe,washington,president trump,period,2018,real estate,dial,dbs,event,case,wealth,raise,child,swiss,gold,movement,charity,banking,client,timepiece,31,2019,general,plastic,fair,medical,dr,waste,power,agreement,hyflux,online,venture,dish,kitchen,bar,menu,dining,room,flat,centre,tech,culture,ceo,employee
2014,0,1410.2320669780936,1424.7291580318847,1435.3564353877866,1445.7368873035343,1485.4251712317134,1491.0164369364384,1496.321476466457,1501.2035469737978,1599.102042616058,1650.161526777668,1665.9830363756855,1686.687850381853,1797.0254605795296,1843.6375563009685,2056.0462533381856,2093.508540435802,2095.6655122670236,2235.1975314700726,2259.2189708360215,2265.5634691699206,2480.0410039808835,2482.1965700061915,2703.085362801474,2845.2487705331905,2883.671269271878,2951.4431684355736,3201.968974717087,3620.989432581063,5835.501385187165,7647.4751468407785,,,,,,,,,,,,,,,,,,,,,,,,,,,,,,,,,,,,,,,,,,,,,,,,,,,,,,,,,,,,,,,,,,,,,,,,,,,,,,,,,,,,,,,,,,,,,,,,,,,,,,,,,,,,,,,,,,,,,,,,,,,,,,,,,,,,,,,,,,,,,,,,,,,,,,,,,,,,,,,,,,,,,,,,,,,,,,,,,,,,,,,,,,,,,,,,,,,,,,,,,,,,,,,,,,,,,,,,,,,,,,,,,,,,,,,,,,,,,,,,,,,,,,,,,,,,,,,,,,,,,,,,,,,,,,,,,,,,,,,,,,,,,,,,,,,,,,,,,,,,,,,,,,,,,,,,,,,,,,,,,,,,,,,,,,,,,,,,,,,,,,
2014,1,,,1189.0991239639961,,,,,,1089.4405360557782,,,,,,,,,,,1196.382182786478,,,2054.253044353267,,,,,,,,1025.8507299936227,1028.6878863907082,1057.9320386850147,1098.2536660016533,1123.6565997531018,1139.5476804918835,1165.6053985392632,1199.3966353980377,1212.7529140270874,1262.6568944598644,1271.1614189330974,1333.4686442405116,1370.0815266419436,1386.7457354521923,1393.7941010647664,1403.486622204683,1549.6322050372194,1549.6421083712419,1638.9239455803665,1680.9127610156545,1685.881039325674,1733.8758189246635,2062.564544937663,2913.9672306670213,2968.691266148587,3900.6296991992967,,,,,,,,,,,,,,,,,,,,,,,,,,,,,,,,,,,,,,,,,,,,,,,,,,,,,,,,,,,,,,,,,,,,,,,,,,,,,,,,,,,,,,,,,,,,,,,,,,,,,,,,,,,,,,,,,,,,,,,,,,,,,,,,,,,,,,,,,,,,,,,,,,,,,,,,,,,,,,,,,,,,,,,,,,,,,,,,,,,,,,,,,,,,,,,,,,,,,,,,,,,,,,,,,,,,,,,,,,,,,,,,,,,,,,,,,,,,,,,,,,,,,,,,,,,,,,,,,,,,,,,,,,,,,,,,,,,,,,,,,,,,,,,,,,,,,,,,,,,,,,,,,,,,,,,,,,,,
2014,2,,,,,,,,417.31460415142095,602.9026110095607,,,,,,,,,698.3872563136533,,,478.0994844620173,,1479.8482760992883,,,,,,,690.2205664144149,458.47146359724616,,,422.26220948535826,,,,,570.1438656802694,,,,,,,,580.2863168212077,,,,493.6171576714432,,,,,,424.798258488504,427.8480019295591,429.20441327389216,443.26514853202474,446.9033756798594,478.777242266754,494.986915735486,510.5405793347879,533.8121170299753,539.1759310612516,556.315897113612,561.7489683771927,566.8035275869726,582.1686215001304,679.3415294073188,699.5605187192216,803.3457713402315,1436.0318365413711,2128.0658568722065,,,,,,,,,,,,,,,,,,,,,,,,,,,,,,,,,,,,,,,,,,,,,,,,,,,,,,,,,,,,,,,,,,,,,,,,,,,,,,,,,,,,,,,,,,,,,,,,,,,,,,,,,,,,,,,,,,,,,,,,,,,,,,,,,,,,,,,,,,,,,,,,,,,,,,,,,,,,,,,,,,,,,,,,,,,,,,,,,,,,,,,,,,,,,,,,,,,,,,,,,,,,,,,,,,,,,,,,,,,,,,,,,,,,,,,,,,,,,,,,,,,,,,,,,,,,,,,,,,,,,,,,,,,,,,,,,,,,,,,,,,,,,,,,,,,,,,,,,
2014,3,,,2341.557511967879,,,2333.4668801481007,,,1576.33572009702,,,,,,,,,2164.9367292551015,,3224.624675917418,,,6842.269569429955,,2400.7855210329385,,,,2955.3408988516035,2766.2161868719827,,,,,,,1654.8724373197397,,1851.5499180503937,7066.620070831477,,,,,,,,2248.1770183444705,,4354.720599427141,,,,,,1740.6562927949558,,,,,,1601.5418355731467,,,,,,,,,2804.190496746653,,,,,1472.7482277321653,1491.4243678596822,1637.9454267456529,1640.599692280589,1680.6600498411738,1718.3636672455573,1726.8969062037825,1817.2358417567727,2038.8536623650923,2093.975195324371,2458.344079171564,2842.0197830583425,2961.179248386174,,,,,,,,,,,,,,,,,,,,,,,,,,,,,,,,,,,,,,,,,,,,,,,,,,,,,,,,,,,,,,,,,,,,,,,,,,,,,,,,,,,,,,,,,,,,,,,,,,,,,,,,,,,,,,,,,,,,,,,,,,,,,,,,,,,,,,,,,,,,,,,,,,,,,,,,,,,,,,,,,,,,,,,,,,,,,,,,,,,,,,,,,,,,,,,,,,,,,,,,,,,,,,,,,,,,,,,,,,,,,,,,,,,,,,,,,,,,,,,,,,,,,,,,,,,,,,,,,,,,,,,,,,,,,,,,,,,,,,,,,,,,
2014,4,,,,,,,234.14429981898985,175.99324137833793,,,,,,,,,,163.71366900193112,216.17199684065088,,186.13116760351468,,169.93527339788076,,370.93009480958517,,,618.2710008805838,240.3155782792052,158.0591736192682,,,,,198.63430622426733,,,,,,,,,,,,,,,,,,,,,,,,,,,,,,355.7647202529061,,,,,,,,,,,,,,,284.22939969578977,,,,,,,,,165.37851565697693,166.4018031279681,176.02490511192957,180.30246579351697,192.33287187694359,197.15361922702363,198.61053838101554,199.82939013078786,200.77969534678925,219.59757738284765,238.633595267503,253.95543849653774,300.4776302334316,340.64104410323756,354.3303199008239,417.3549530865459,743.5419036059715,,,,,,,,,,,,,,,,,,,,,,,,,,,,,,,,,,,,,,,,,,,,,,,,,,,,,,,,,,,,,,,,,,,,,,,,,,,,,,,,,,,,,,,,,,,,,,,,,,,,,,,,,,,,,,,,,,,,,,,,,,,,,,,,,,,,,,,,,,,,,,,,,,,,,,,,,,,,,,,,,,,,,,,,,,,,,,,,,,,,,,,,,,,,,,,,,,,,,,,,,,,,,,,,,,,,,,,,,,,,,,,,,,,,,,,,,,,,,,,,,,,,,,,,,,,,,,,,,,,,,,,,,,,
2014,5,,,,,,,,,,,,,,,,,,,,,,,2447.396335653658,,,,,,1716.346668974394,1324.6561363522726,1619.1824396112106,1412.4807287207595,,,1496.65472073971,,,1159.7156489871124,2432.160400675437,,1189.618644445289,,,,,,,,1681.5592396151983,,1761.9691626270092,2132.032898751568,,,,1749.937534371052,,,,,,,,,,,,,,,2112.956550580078,1640.4969986432948,,,,,,,,2629.8197328713713,,,,,,,,,,,,,,,,,,,,,,,,,,1132.5407392448221,1193.4452829198535,1407.740368206324,1437.0977058854628,1451.8615504270103,1530.816017727701,1605.5408527759068,2206.9235090636816,2459.807608095692,2564.4779984785396,3088.313745620978,3270.631714172313,3529.046618691698,3549.509294940957,,,,,,,,,,,,,,,,,,,,,,,,,,,,,,,,,,,,,,,,,,,,,,,,,,,,,,,,,,,,,,,,,,,,,,,,,,,,,,,,,,,,,,,,,,,,,,,,,,,,,,,,,,,,,,,,,,,,,,,,,,,,,,,,,,,,,,,,,,,,,,,,,,,,,,,,,,,,,,,,,,,,,,,,,,,,,,,,,,,,,,,,,,,,,,,,,,,,,,,,,,,,,,,,,,,,,,,,,,,,,,,,,,,,,,,,,,,,,,,,,,,,,,,,,,,,,
2014,6,,,,1418.2938568731981,,,,,,2577.0874242201307,1653.2480547806124,,,,,2191.883536014654,,2757.3875052708554,1532.7239008729318,,,3580.865806824003,,,2336.210224732389,,,,,,,,,,,,,,,,,,,,,,,,,,,,,,,,1203.7878630500538,,,,,,,1578.3583638643652,,,,,2027.7115757947424,,,,,,,,,,,,,,,,,,,,,,,,,,,1653.6320137907242,,,,,,,,,,,,,,,,,,,,,,,,1229.499101104164,1242.2813526081902,1254.6676412986892,1256.404309619671,1262.8124326008426,1279.3599414583582,1466.9639027717103,1470.4240172242007,1470.4514805912313,1520.5560647082648,1563.1662340482424,1588.0761082121323,1661.152245806468,1751.4734653083146,1797.330566284195,1888.5892296871195,2888.4411955309283,3329.4299905550774,,,,,,,,,,,,,,,,,,,,,,,,,,,,,,,,,,,,,,,,,,,,,,,,,,,,,,,,,,,,,,,,,,,,,,,,,,,,,,,,,,,,,,,,,,,,,,,,,,,,,,,,,,,,,,,,,,,,,,,,,,,,,,,,,,,,,,,,,,,,,,,,,,,,,,,,,,,,,,,,,,,,,,,,,,,,,,,,,,,,,,,,,,,,,,,,,,,,,,,,,,,,,,,,,,,,,,,,,,,,,,,,,,,,,,,,,,,
2014,7,,,,,1119.4135370308281,,,,,,,,,,,,,,,,,,1793.787312263809,,,,,,,2151.873595494064,,,,,,,1394.393522718056,,1123.7131418699364,,,,,,,,,,,,1170.5613186193998,,,,,,,,,,,,,,,,,,,,,1317.3746824000227,,5272.5362539505395,,,,,,2093.2458652818186,,1169.4168030688538,1058.570211304474,,,,,1494.1646354425895,,,,,,,,,,,,,1636.4202605123994,,2622.0218287769953,,,,,,,,,,,,7155.599312254476,,,1188.961138180393,,,,,,,,,,,,,,,,,,,,1063.0012123970823,1134.845868032005,1141.9657197065976,1263.6106729015587,1336.3126317489634,1414.1304261209648,1474.2149233656635,1588.6703500488825,1630.4416230407085,1679.9947488663356,1728.1680849223105,1769.5526986328064,1833.0713007619381,2010.5018877300784,,,,,,,,,,,,,,,,,,,,,,,,,,,,,,,,,,,,,,,,,,,,,,,,,,,,,,,,,,,,,,,,,,,,,,,,,,,,,,,,,,,,,,,,,,,,,,,,,,,,,,,,,,,,,,,,,,,,,,,,,,,,,,,,,,,,,,,,,,,,,,,,,,,,,,,,,,,,,,,,,,,,,,,,,,,,,,,,,,,,,,,,,,,,,,,,,,,,,,,,,,,,,,,,,,,,,,,,,,,,,
2014,8,,,,,,,1338.5364491303471,,,,,,,,,,,,772.3812950827245,,,,970.2229016136159,,1173.8934703684863,,,,1023.1801123281081,,,,,,,,,,927.3071902906374,,,,,,,,,,730.8504204341557,,,,,,,,,,,,,,,,1879.7852583790227,,,,,,,,,1399.4272730481466,,,,,,866.7672116249123,,,,,,,,,879.6488348353394,,,,,,,,,,,,2302.850054735041,,1622.3857709794534,,,,,,,,,,,,,,,,,822.1471709149997,,,770.862119758688,,,,,,,,,,,,,,,,,,,,,,,,,,,,879.8356028881094,732.1281972033646,793.1718114606109,841.1543522231293,995.1978462348825,1065.9246166708201,1066.6533265484825,1072.860958286443,1117.8662394657176,1152.8335566724522,1236.205501293725,1285.6049995260241,1344.4494817287637,1439.3138465619338,1741.383674665115,,,,,,,,,,,,,,,,,,,,,,,,,,,,,,,,,,,,,,,,,,,,,,,,,,,,,,,,,,,,,,,,,,,,,,,,,,,,,,,,,,,,,,,,,,,,,,,,,,,,,,,,,,,,,,,,,,,,,,,,,,,,,,,,,,,,,,,,,,,,,,,,,,,,,,,,,,,,,,,,,,,,,,,,,,,,,,,,,,,,,,,,,,,,,,,,,,,,,,,,,,,,,,,
2014,9,,,,,,,,,,616.1963904297105,409.605689453287,,,,,,,643.7705237690451,482.0844826301418,,,,,,1455.3452270616326,,406.49939965330486,,541.700269305001,655.8771467347752,562.3617750089127,,,,524.4030287623208,,,,917.628815724339,,,,,,,,740.8468005934319,,,,460.6726896433717,,,,,,,,,,,,,,,,,,503.4339844209033,,,,,,,,,,,,,,,,,,,,,,,,,,,,,,,,,,,,,,,,,,,,,,,,,,,,,,,,,,,,,,,,,,,,,,,,,,,,,,,,,,,,,,,,,,,,,,,,,397.80196095741076,419.93856269189314,429.50410891546557,433.40122692606724,457.49924050530905,548.3505927486441,555.2701844236185,575.837008716857,636.6994142510866,641.5767732721481,651.4987513563794,658.7390168507148,713.6930985974269,842.2393128255333,967.7633396263278,1419.0426208248296,,,,,,,,,,,,,,,,,,,,,,,,,,,,,,,,,,,,,,,,,,,,,,,,,,,,,,,,,,,,,,,,,,,,,,,,,,,,,,,,,,,,,,,,,,,,,,,,,,,,,,,,,,,,,,,,,,,,,,,,,,,,,,,,,,,,,,,,,,,,,,,,,,,,,,,,,,,,,,,,,,,,,,,,,,,,,,,,,,,,,,,,,,,,,,,
2015,0,,,,,898.1760033162985,,,,,,,,,,,,,,,,,,1695.5915430586647,,,,,,939.5541926692371,3190.1322183974194,,,,,,,1400.813468691895,665.945679405534,,,,,,,,,,,,,,,,,,,,,,1045.5882129366782,1015.4540447934838,,,,,,,,,703.6191847809592,,1402.4072409460978,,1438.2320862827585,,,,,,1733.7663901423625,,,868.9205514727827,,,,696.4190810545974,,,,,,,,,,,,,,,,,,,,,,,,1202.9098839480062,,,,6255.701298690855,,,,,,,,,,,,,,,,,,,,,,,1079.5485916071066,790.51810942554,,,811.8778688155614,1138.8574336897696,1388.5229284248285,914.9194945370886,,1152.5118388575415,1249.135822665723,842.7980739080798,,,,,,,,,,,,,,,,,,,,,,,,,,,,,,,,,753.4497125902317,882.5986711875331,887.8698713277352,1119.0406632809359,1361.7533930777345,,,,,,,,,,,,,,,,,,,,,,,,,,,,,,,,,,,,,,,,,,,,,,,,,,,,,,,,,,,,,,,,,,,,,,,,,,,,,,,,,,,,,,,,,,,,,,,,,,,,,,,,,,,,,,,,,,,,,,,,,,,,,,,,,,,,,,,,,,,,,,,,,,,,,,,,,,,,,,,,,,,,,,,,,,,,,,,,,,,,,,,,,,
2015,1,,,2195.267641072788,,,2340.821447456281,,,,,,,,,,,,2263.7138446203435,,,,,8128.362924739488,,,,,,,1610.1066207586705,2045.8265413606687,,,,,,,2009.5302241951106,1902.8906303786093,5205.447865687519,,,,,,,,4271.557920324137,1626.320272180436,2303.49850628801,1742.6748768775506,1706.9366845165287,,,1853.2140826241246,2309.4925302729284,,,,,,,,,,,,,,1833.0435922640822,3162.9339554248636,3368.9210574522,,3579.0715850600895,1630.230972726855,,1788.750196307021,,,,,1973.4089906139436,,2286.4330130524045,2179.032128467456,2278.90387840696,3085.0338031109723,2370.6671798498924,,,,,,,,,,,,,,,,,,,,,,,,,,,,,,,,,,,,,,,,,,,,,,,,,,,,,,,,,,,,,,,,,,,,,,,,,,,,,,,,,,,,,,,,,,,,,,,,,,,1711.9587486014589,1739.9922576985748,,,,,,,,,,,,,,,,,,,,,,,,,,,,,,,,,,,,,,,,,,,,,,,,,,,,,,,,,,,,,,,,,,,,,,,,,,,,,,,,,,,,,,,,,,,,,,,,,,,,,,,,,,,,,,,,,,,,,,,,,,,,,,,,,,,,,,,,,,,,,,,,,,,,,,,,,,,,,,,,,,,,,,,,,,,,,,,,,,,,,,,,
2015,2,,,639.0414205016582,,,,640.3776491464353,736.5781186260871,,,665.3484929171979,1011.9637866539173,,658.7027784536472,1036.8751857938285,,,827.1158686341304,1202.5624110821846,700.3593397253832,1965.1217642043043,1005.1726440307383,775.1549530804635,1553.5472830370177,1428.81807943254,1109.3671594727107,892.6436068802185,788.9644136901527,1232.2793445397515,1375.5443745230234,,,,,,,,,,,,643.2433088497285,,,,,,,,,,,,,,,,,,,,,,,681.9915231986253,,,694.2739917727191,,,,,,,,,,,,,,,,,,,,,,,,,,,,643.8002911212304,,,,,,,,1588.988087859476,,,,,,,,,,,,,,,,,,,,,,,,,,,,,,,,,,,,,,,,,,,,,,,,,,,,,,,,,,,,,,,,,,,,,,,,,,,,,,,,,,,,,639.198871196219,673.9542250234452,678.1437966238103,798.49726602105,816.7042572938159,,,,,,,,,,,,,,,,,,,,,,,,,,,,,,,,,,,,,,,,,,,,,,,,,,,,,,,,,,,,,,,,,,,,,,,,,,,,,,,,,,,,,,,,,,,,,,,,,,,,,,,,,,,,,,,,,,,,,,,,,,,,,,,,,,,,,,,,,,,,,,,,,,,,,,,,,,,,,,,,,,,,,,,,,,,,,,,,,,,
2015,3,,555.6104287408231,,,786.438439630868,690.9688370578036,,,,754.4395090534614,,,,,,,,738.8170514470617,583.0512071721255,897.8217252492185,,621.4567954498327,635.8190573503225,,1130.3340400986315,588.9257012966409,,1316.3816798507703,1457.5861593783654,1809.345474873323,,,,,,,,,724.1002425363012,940.8772699703251,,,,,,,,,,652.6197910904029,,,,,,,,,,,,,,,,,,,,,,,,545.5391907874006,,,,,,986.8681477300464,,,,,,,,,,,,,,,,,,,,,,,,,,,,,,,,,,,,,,,,,,,507.7584221221458,,,,,,,,,,,,,,,,,,,,,,,,,,,,,,,,,,,,,,,,,,,,,531.4602883673342,,,,,,,,571.4180945496589,,,,,997.608713497194,,,,,,,,,,580.5456775289531,,,500.3224407896056,548.6851682729593,551.8730564022635,553.2862349600701,556.0223210314681,1022.6565568677361,,,,,,,,,,,,,,,,,,,,,,,,,,,,,,,,,,,,,,,,,,,,,,,,,,,,,,,,,,,,,,,,,,,,,,,,,,,,,,,,,,,,,,,,,,,,,,,,,,,,,,,,,,,,,,,,,,,,,,,,,,,,,,,,,,,,,,,,,,,,,,,,,,,,,,,,,,,,,,,,,,,,,,,,,,,,,
2015,4,,,,,,,,,,,,,,,,,,,,,,,1912.2694618617802,,,,,,1436.614739709529,,1869.3446883880315,2054.944819064842,,,1738.8814789156672,,,,2234.990339978896,,1351.8806043607037,,,,,,,,2481.90198294735,,2329.422088362476,2271.8073752617224,,,,2719.309872259071,,,,,,,,,,,,1400.0146539378434,,,1689.8620757097906,,,3447.488698959458,,,,,,2633.674138687234,,,,,,,,,,,,,,,,,,,,,,,1719.1019834109597,,1989.5099339994736,,,1486.3863583098364,,,1689.4706289195165,1315.1089027930052,1421.6444810932635,2106.405680305151,2025.3084993824039,2585.4100700040162,2896.729265048412,4134.65630389396,2966.4517508869944,,,,,,,,,,,,,,,,,,,,,,,,,,,,,,,,1485.9636161029057,,,,,,,,,,,,,,,,,,,,,,,,,,,,,,,,,,,,,,,,,,,,,,,,,1452.064341723251,2155.815558758531,,,,,,,,,,,,,,,,,,,,,,,,,,,,,,,,,,,,,,,,,,,,,,,,,,,,,,,,,,,,,,,,,,,,,,,,,,,,,,,,,,,,,,,,,,,,,,,,,,,,,,,,,,,,,,,,,,,,,,,,,,,,,,,,,,,,,,,,,,,,,,,,,,,,,,,,,,,,,,,,,,,,,,,,,,,
2015,5,,,,,,,,,1334.6801727556056,1140.6215406144097,,,,,,1030.3717674466122,1371.7391900224552,1254.9265733503066,,,981.4547585368434,1060.6401534966342,1048.3044607247327,,1653.3308134004324,,1575.1438268990012,929.9351382698442,4128.36787052136,2461.285999695783,,,,,,,,,1016.2944542346361,,1157.5455569825215,1272.7149790667343,,,,,1906.7333449017547,,,,,,1170.0325686877015,,1318.174646913057,1486.081968120243,,,,,,,,,,,,,,,,,,,,,,,,,,,,,,,,,,,,,,,,,,,,,,,,,,,,,,,,,,,,,,,,,,,,,,,,,,,,,,,,,,,,,,,,,,,,,,,,,,,,,,,,,,,,,,,1355.7055335923553,,,,,,,,,,,,,1129.4485340738597,,,,,,,,,,,,,,,,,,,,,,942.2855844779681,949.6229466983139,957.3580700315746,967.9012476083815,974.7680586852842,1072.7232620170892,1087.7564731710456,1977.8174130301743,,,,,,,,,,,,,,,,,,,,,,,,,,,,,,,,,,,,,,,,,,,,,,,,,,,,,,,,,,,,,,,,,,,,,,,,,,,,,,,,,,,,,,,,,,,,,,,,,,,,,,,,,,,,,,,,,,,,,,,,,,,,,,,,,,,,,,,,,,,,,,,,,,,,,,,,,,,,,,,,,,,
2015,6,,,,1142.416155350736,,,,,,2417.158089737317,1153.0416433987602,,,,,1737.437120685677,,2309.6852114244825,1194.201429892567,,,2586.02330342135,,,2129.4660650853175,,,,,,,,,,,,,,,,,,,,,,,,,,,,,,,,982.8402749179328,,,,,,,1485.5090520425906,,,,,1932.0360047121317,,,,,,,,,,,,,,,,,,,,,,,,,,,1551.4095002417168,,,,,,,,,,,,,,,,,,,,,,,,,976.07223850203,1966.0999808682368,988.3146741229597,1160.5981371333733,,1388.2990517448197,1467.518140394842,1225.8120682698661,1354.4690181711635,1387.5931157663556,1256.542025864099,2059.76119834225,1394.7490992136154,1938.7976162810844,1624.2282919329582,2752.8044628882044,2772.5443950689555,,,,,,,,,,,,,,,,,,,,,,,,,,,,,,,,,,,,,,,,,,,,,,,,,,,,,,,,,,,,,,,,,,,,,,,,,1033.1173632326093,1050.1973932727026,,,,,,,,,,,,,,,,,,,,,,,,,,,,,,,,,,,,,,,,,,,,,,,,,,,,,,,,,,,,,,,,,,,,,,,,,,,,,,,,,,,,,,,,,,,,,,,,,,,,,,,,,,,,,,,,,,,,,,,,,,,,,,,,,,,,,,,,,,,,,,,,,,,,,,,,,,,,,,,,,
2015,7,,,,,,,1614.491905649243,,,,,,,,,,,,,,,,1562.1509323115924,,1397.6540221023236,,,,,,,,,,,,,,1125.099729821901,,,,,,,,,,,,899.294080196224,,,,,,,,,,,,,,2292.885379759322,,,,,,,,,2363.99292509319,,,,,,1086.5203702062618,,,,,,,,,868.1681398463834,,,,,,,,,,,,2835.479707292658,,3275.2416265839033,,,,,,,,,,,,,,,,,1038.3409316362665,,,,,,,,,,,,,,,,,,,,,,,,,,,,,,,1352.155415256892,,,1177.3533578060133,911.4153483570996,1278.5576912549475,884.2869162462443,887.103108488177,947.0999886646879,1367.8741029445334,1003.2599241399051,1274.3440931912278,1057.594006012821,1628.8615795905223,1486.8514444098628,,,,,,,,,,,,,,,,,,,,,,,,,,,,,,,,,,,,,,,,,,,,,,,978.5697004876619,1003.0528128459251,1023.7741336254916,1026.5034935108647,1106.1777553725885,,,,,,,,,,,,,,,,,,,,,,,,,,,,,,,,,,,,,,,,,,,,,,,,,,,,,,,,,,,,,,,,,,,,,,,,,,,,,,,,,,,,,,,,,,,,,,,,,,,,,,,,,,,,,,,,,,,,,,,,,,,,,,,,,,,,,,,,,,,,,,,,,,,,,,,,,,,,
2015,8,,,828.0170356388426,,,,721.364746118227,930.4019069221847,711.0783506052132,,918.3418908126897,,968.0948382940751,,770.4942993945772,,674.448113794814,905.5702920279803,819.3614821741678,1893.182553303631,,832.7354913534094,1193.2411907475125,1062.8292517230748,1576.9383029674643,826.634769664104,731.0098741616863,1693.0295732987383,2200.3597470584937,2447.505447834296,,,,,,,,,,,,,,,,,,,,,,,,,,,,,,,,,,,,,,,,,,,,,,,,,,701.6196390583375,,,,,,,,,,,,,,,,,,,,,,,,,,,,,,,,,,,,,,,,,,,857.6244424776979,,,,,,,,,,,,,,,,,,,,,,,,,,,,,,,,,,,,,,,,,,,,,,,,,,,,,,,,,,,,,,,,,,,,,,,,,,737.0471924352493,,,,,,,,,,,,,,,,,,,,694.6192276899658,715.7419071344224,786.6696030444093,803.1277078385027,815.0421456054462,825.7302002126678,957.6993465591813,,,,,,,,,,,,,,,,,,,,,,,,,,,,,,,,,,,,,,,,,,,,,,,,,,,,,,,,,,,,,,,,,,,,,,,,,,,,,,,,,,,,,,,,,,,,,,,,,,,,,,,,,,,,,,,,,,,,,,,,,,,,,,,,,,,,,,,,,,,,,,,,,,,,,
2015,9,,,,,,,,,1766.9680768171715,,1074.615474226498,,,,,628.2739996054288,,762.2109710198216,,777.9094603537436,,,,,937.698145313885,,,,,,,,,,,740.1097103627973,1113.3912653181724,,,,,,1086.725988043134,,,,1156.3811192125893,,,3063.0089109650794,,,1322.382156149839,2000.8881341687008,1001.6136230065136,,,,,,,,,,,1260.6555264335857,,,,,,,,,,,,,,,,,,,,,,,,,,,,,,,,,,,,,,,,,,,,,,,,,,,,,,,,,,,,,,,,,,,,,,,,656.981188498332,,,,,,,,,,,,,,,,,,,,,,,,,,,,,844.978702761516,,,,,,,,,,,,,,,,,,,,,,,,,,,605.8894201069523,,,,,,,,,,,,,,,,,,,,,659.7976777057484,,,,,,,,,606.6705013996556,631.0999905550793,633.3327369742177,644.1695935285682,650.470874612025,666.6259320308159,676.7337596127054,782.9341911020575,929.4081187731201,1034.619790107333,1094.0426623705423,,,,,,,,,,,,,,,,,,,,,,,,,,,,,,,,,,,,,,,,,,,,,,,,,,,,,,,,,,,,,,,,,,,,,,,,,,,,,,,,,,,,,,,,,,,,,,,,,,,,,,,,,,,,,,,,,,,,,,,,,,,,,,,,,,,,,,,,,,
2016,0,,,539.6687058070356,,,530.4270187590521,,,712.2192528622284,820.9231439097429,1013.0566424594107,,,,,704.5080083521455,,1298.0025697751475,,,,,1035.3829622770008,,1185.2541440907944,,,,1267.8014339891577,,,,,718.5071689456864,,,,,582.2345150041258,,,,,,,,747.7998156808846,,,,,,667.4217810727976,,534.503076370293,,,,,,,,,526.7458011775534,,,,,725.3188606123533,,,,,,,,,,,,,,,,,,,,,,,,,,,,,,,,,,,611.6862191324255,,,,,,,,,,,,,,,,,,,,,,,,,,,,,,,,,,,,,,,,,,,,,,,,,,,,,,,,,,,,,,,,,,,,,,,,,,,,,668.2748704568014,,,,,,,,,,,,,,,,,,,565.0612423511889,,,,,,,,,,,,,,,,,,,,,,,,,,,,,,,,,,,530.4224422516794,530.759596501425,546.2175590857007,550.2336286276009,556.991934518909,576.0854076709259,695.9173267372236,1007.0802326213295,1155.7003658820079,1198.3437542337526,,,,,,,,,,,,,,,,,,,,,,,,,,,,,,,,,,,,,,,,,,,,,,,,,,,,,,,,,,,,,,,,,,,,,,,,,,,,,,,,,,,,,,,,,,,,,,,,,,,,,,,,,,,,,,,,,,,,,,,,,,,,,,,,
2016,1,,,,,,,,,,,,,,,,,,1948.9379557009904,,,,,6228.912242502191,,,,,,1976.9675169050852,4566.560118232626,2420.4127639042435,2466.3808427355125,,,,,3070.6472061609747,1927.336136412636,2458.3355009804272,,,,,,,,,,1951.5676066855856,,2903.8784202530605,2517.0878741124848,,,,2882.1698864109603,,,,2156.536145094008,1946.5866973506488,,,,,,,,,1921.7872356849355,2378.2491611036185,3936.874938643001,,4971.9764091789875,,,,,,3796.2817328048586,,,,,,,,,,,,,,,,,,,,,,,,,,,,,,,,,,1898.2769268593254,8588.694064966476,2212.3973823108554,1938.515813308871,2659.77347046873,2075.284287114551,,,,,,,,,,,,,,,,,,,,,,,,2176.2893396502036,1959.2159725276965,,,,,,,,,,,,,,,,,,,,,,,,,,,,,,,,,,,,,,,,,,2069.149418520054,,,,,,,,,,,,,,,2937.8821324930905,,,,,,,,,,,,,,,,,,,,,,,,,,,,,,,,,,,,,,,,,,,,,,,,,,,,,,,,,,,,,,,,,,,,,,,,,,,,,,,,,,,,,,,,,,,,,,,,,,,,,,,,,,,,,,,,,,,,,,,,,,,,,,,,,,,,,,,,,,,,,,,,,,,,,,,,,,,,,,,,,,,,,,,,,,,
2016,2,,,,,,412.3951728117601,,,,,,,,,,,,302.66687123910924,,,,,,,,,,399.3766929117913,,285.2107490734597,337.66769848986274,,,,,,,552.4238453018327,,693.147595771229,,262.9096606608234,,,,,372.2329121049861,,,,,,,,,,,,,,,,,,,305.28701338887595,,,,,755.786003160051,,,,,,,,,,,,,,,614.4857397856034,,538.4303939395787,,,,,,,,,316.3225909410811,,,,,,,,,,,,,,,,,,,,,,,,,,300.4765441101531,,,,,,,,,,,,,,,,,,,,,,,,,,,,,,,,,,,,,,,,,,,306.9519800417882,257.84704981091295,,,,,,,,,,,,,,,,,,,,,,,,,,,,,,,,,,285.2370704577296,,,,,,,,,,,,,253.7217595733521,,,,,,,,,,,,,,,,,,,,,,,,,,,,,,,268.4870484011939,287.79248224893973,290.7487668840236,292.59309365243587,294.3553673738686,306.76357626302485,307.97548084451523,315.77113534015643,352.3701345164015,405.56446882145406,509.95550571335195,,,,,,,,,,,,,,,,,,,,,,,,,,,,,,,,,,,,,,,,,,,,,,,,,,,,,,,,,,,,,,,,,,,,,,,,,,,,,,,,,,,,,,,,,,,,,,,,,,,,,,,,,,,,,,,,,,,,,
2016,3,,,1291.8441098874664,,,1523.6865646847323,,,955.1895912026652,,1209.408775686702,,,,,,,1182.2723121221045,,,,,2385.609467274902,,,,970.4864228134929,,,871.4359480035337,,,,,,808.1485802765729,,974.8049208833274,,2804.073301834256,,,1994.1899201290885,,,,1408.4963999632953,1775.3722736119273,,1359.9296315011381,,,1510.0658374346383,1871.2205255442225,2227.5318593710736,1631.8027847559554,,,,,,,,,,,,,,,,,,,,,896.3126901080059,,,,,866.4745196799812,,,,,898.591535356189,882.0246603857348,,,,,,,,,,,,,,,,,,,,,,,,,,,,,,,,,,,,,,,,,,,,,,,,,,,,,,,,,,,,,,,,,,,,,,,,,,,,,,,,,,,,,,,,,,,,,,,,,,,,,,,,,,,,,,,,,,,,,,,,,,,,,,,,,,,,,,,,,,,,,,,,,,,,,,,,,,,,,,,,,,,,,,,,835.8614568496757,863.2819019137696,898.1597951016348,1064.814732309534,1202.0259566054985,1229.1404392430202,1378.4186700832906,,,,,,,,,,,,,,,,,,,,,,,,,,,,,,,,,,,,,,,,,,,,,,,,,,,,,,,,,,,,,,,,,,,,,,,,,,,,,,,,,,,,,,,,,,,,,,,,,,,,,,,,,,,,,,
2016,4,,,,,,,1383.0017938430954,,,,,,,,,,,,,,,,3859.700789931403,,1479.5506519152386,,,,1746.1628233327365,1883.6568297603421,1495.832203446266,,,,,,,,2162.288122922741,1568.1749301957043,,,,,,,,1965.8735931844315,1763.2230207934278,,,,,,,,,,,,,,,,1745.6227594951702,,,,,,2072.66593809494,,,3066.4276460786,2288.4493384884795,,,,,2563.2008330453455,,,,1818.693870396022,2824.024543776518,1693.0556613255392,1634.949322308376,2582.6595675421,,,,,,,,,,,1760.2911671651311,,1502.7895546846946,,2947.6091083634774,,2663.3554355055394,1441.326043302101,,,,,,,,1387.8153466905317,,,1448.2325483212926,1436.5385843837867,,,,,,,,,,,,,,,,,,,,,,,,,,,,1477.0891004058396,,,,,,,,,,,,,,,,,,,,,,,,,,,,,,,,,,,,,,,,,,,,,,,,,,,,,,,,,,,,,,,,,,,,,,,,,,,,,,,,,,,,,,,,,,,,,,,,,,,,,,,,,,,,,,,,,,,,,1560.24462272523,,,,,,,,,,,,,,,,,,,,,,,,,,,,,,,,,,,,,,,,,,,,,,,,,,,,,,,,,,,,,,,,,,,,,,,,,,,,,,,,,,,,,,,,,,,,,,,,,,,,,,,,,,,,,
2016,5,,,,,,,,,1767.1343723816249,,937.74695068774,,,,,,,939.4490653388148,,1099.1830604476254,,,,,1413.032698400326,,,,754.8861735456144,,,,,,,,1413.3917009514257,,,,,,771.1221214368917,,,,,,,2677.1192851559717,,,1110.7758242118816,957.2334826279629,,,,,,,,,,,,1565.6608875869686,,,707.8061342925376,,,,,,,,,,,,,,,,,,,,,,,,,,,,,,,,,,,,,,,,,,,,,,,,,,,,,,914.8134872770746,,,,,,,,,,,,,,,,,,,,,,,,,,,,,,,,,,,,,,,,,,,,,,,,,,,,,,,,,,,,,,,,,,,,,,,,,,,,,,,,,,,,,,,,,,,,,,,,,712.6419370556412,,,,885.5600663137375,1135.6015095336825,,,,,,776.5663678218278,1018.9198903747116,1226.1925827642772,1868.9294134444715,,,,,777.5915763620271,,,,,,,,,,,,,,,,,,,,,,,,,683.1024463298098,683.7943196166244,724.547241126487,792.4322595317229,820.8150615608446,885.8605987255128,1230.6993035127734,2326.8367280951916,,,,,,,,,,,,,,,,,,,,,,,,,,,,,,,,,,,,,,,,,,,,,,,,,,,,,,,,,,,,,,,,,,,,,,,,,,,,,,,,,,,,,,,,,,,,,,,,,,,,,
2016,6,,,,,,1229.087595356884,,1160.738990833714,,,,,,,,,1206.8944829443185,1565.8408371982234,1250.438027418774,1505.0384254030755,1334.8408012063494,1111.4008651255367,1993.8453950125972,1690.2216732343397,2132.9667415473623,1964.3928581191328,1398.3458943383966,2128.346187874793,3988.8944337992166,3267.710948481653,,,,,,,,,941.7961759392576,3122.821115728337,,1224.0249522083527,,,,,919.747783519841,,,,,,,,,1078.4806327814697,,,,1100.258697690286,,,,,,,,,,,,,,,,,,,,923.939235627715,,,,,,,,,,,,,,,,,,,,,,,,,,,,,,,,,,,,,,,,,,,,,,,,,,,,,,,,,,,,,,,,,,,,,,,,,,,,,,,,,,,,,,,,,,,,,,,,,,,,,,,,,,,,,,,,,,,,,967.6857034073571,,,,,,,,1336.779252874773,,,,,,,,,,,,,,,,1277.4790011980638,936.4168980502102,,,,,,,,,,,,,,,,,,,,,,,,,,,,,,,,,,,,,,,,,,,,,,,,,,932.2659085655049,966.102223853278,971.9417804851845,,,,,,,,,,,,,,,,,,,,,,,,,,,,,,,,,,,,,,,,,,,,,,,,,,,,,,,,,,,,,,,,,,,,,,,,,,,,,,,,,,,,,,,,,,,,,,,,,,
2016,7,,,,984.9320644088693,,,,,,2054.2733935032365,,,,,,1092.0055847201202,,1890.5685178163844,1590.3696989648054,,,1985.9596608561974,,,2060.468956309564,,,,,973.4479748581658,,,,,,,,,,,,,,,,,,,,,,,,,,,1014.0270532381495,,,,,,,1233.0308072573318,,,,,1592.071364754752,,,,,,,,,,,,,,,,,,,,,,,,,,,1274.2053331220286,,,,,,,,,,,,,,,,,,,,,,,,1034.6702962541226,991.6806285958253,1611.6057233570461,1016.0637745547921,1208.085622038985,,1000.3139954639607,1243.8047713837925,,1300.8734211837732,1266.1363733859687,1418.6849952360067,1849.2026651517203,1348.5327106575728,2053.2920277908333,1484.3369299016708,2796.154990369967,1513.0108686525236,,,,,,,,,,,,,,,,,,,,,,,,,,,,,,,,,,,,,,,,,,,,,,,,,,,,,,,,,,,,,,,,,,,,,,,,,,1040.4083994324656,,,,,,,,,,,,,,,,,,,,,,,,,,,,,,,,,,,,,,,,,,,,,,,,,,,,,,,,,,,,,,,,938.8244898978916,,,,,,,,,,,,,,,,,,,,,,,,,,,,,,,,,,,,,,,,,,,,,,,,,,,,,,,,,,,,,,,,,,,,,,,,,,,,,,,,,,,,,,,,,,,,,,,,,
2016,8,,,,1241.180652904006,1138.5860411020237,,,1015.3692521394248,,1398.185620881131,1192.247745997164,1442.6850226336408,1235.6095504422738,1082.8727112025501,,1919.0161517023384,1537.7955673698254,1806.553034909453,1343.8241456705007,1007.2039473081263,1913.198526611703,2925.7534307735955,,1979.4694046673433,1971.6992702158193,,2270.2143136611667,1769.2434773925143,4007.6469631271393,3646.9309802312823,,,,,,,,,,,,,,,,,,,,,,,,,,,,,,,,,,,,,,,,,,,,,,,,,,,,,,,,,,,,,,,,,,,,,,,,,,,,,,,,,,,,,,,,,,,,,,,,,,,,,,,,,,,,,,,,,,,,,,,,,,,,,,,,,,,,,,,,,,,,,,,,,,,,,,,,,,,,,,,1262.5724822831826,,1007.2044381606888,1027.855984626765,,,,,,,,,,,1243.761000118597,,,,,,1022.3271621519098,,,,,,,,,,,,,,,,,,,,,,,,,,,,,,,,,,,,,,,,,,,,,,,,,,,,,,,,,,,,,,,,,,,975.2696544567486,1010.2468956455543,1040.318390726805,1274.007736217079,,,,,,,,,,,,,,,,,,,,,,,,,,,,,,,,,,,,,,,,,,,,,,,,,,,,,,,,,,,,,,,,,,,,,,,,,,,,,,,,,,,,,,,,,,,,,
2016,9,,,,,685.4699235330988,,766.8431577422599,,,,,,,,,,,718.4201298464601,,,,,1508.2727215506893,,1754.7373947007543,,,,,,,,,,,,,,957.9394052101095,,,,,,,,,,,,886.8321197072053,,,,,,,,,,,,,,1416.8737912344711,,,,,,,,,2481.7549954805454,,,,,,,,,,,,,,,1013.7620677814027,,,,,,,,,,,,2342.3767768254493,,2042.7541679405158,,,,,,,,,,,,,,,,,1008.3632978751831,,,,,,,,,,,,,,,,,660.9794653225728,,,,,,,,,,,,,,1319.6321187629624,,,930.004202561716,,1002.3663793832515,661.6672846707603,672.3758910978879,817.1392082988783,,805.5103083665546,940.5455025929672,851.075986942563,1071.8929415320167,1199.7188146585202,,,,,,,,,,,,,,,,815.2139584875785,,,,,,,,,,,,,,,,,,,,,,,,,,,,,,,986.8284931500868,,998.9954802163553,,924.3979092720866,,,,,,,,,,,,,,,,,,,,,,,,,,,,,,,,,,,,,,,,,,,,,,,,,,,,,,,,,,,,,,,,828.119133184743,,,,,,,,,,,,,,,,,,,,,,,,,,,,,,,,,,,,,,,,,,,,,,,,,,,,,,,,,,,,,,,,,,,,,,,,,,,,,,,,,,,,,,,,,,,,
2017,0,,,,,,,1441.7626808358352,,,,,,,,,,,,,,,,1366.1193441559044,,948.3316186982019,,,,,,,,,,,,,,858.0719245570465,,,,,,,,,,795.0521931155482,,685.4761939547412,,,,,,,,,,,,,,1000.4885818530087,,,,,,,,,1789.0622840143067,,,,,,,,,,,,,,,,,,,,,,,,,,1051.6460414876044,2189.9786578399257,,2840.1498148468513,,1015.6406694093911,,,,,,,,,,,,,860.9977884313386,,693.959657865283,,,,,,,,,,,,,,,,,,,,,,,,,,,,,,,1478.0289612083518,,,1012.8367403768294,729.8481651186778,1183.3305579595647,749.1894804244857,750.554436943961,707.7171355006868,1109.7676372109404,873.1245692157576,1142.1140065664677,996.3571510514539,1538.9355961363328,1557.9529155663129,,,,,,,,,,,,,,,,,,,,,,,,,,,,,,,,,,,,,,,,,,,,,,,,860.1955108381302,787.5046953407223,,,,,,,,,,,,,,,,,,,,,,,,,,,,,,,,,,,,,,,,,,,,,,,,,,,,,,,,,,,,,,,,,,,742.6519812574173,,,,,,,,,,,,,,,,,,,,,,,,,,,,,,,,,,,,,,,,,,,,,,,,,,,,,,,,,,,,,,,,,,,,,,,,,,,,,,,,,,,,,,,,,,,
2017,1,,,,,,,,,,,,,,,,,,,,,,,3401.2927387755276,,,,,,2951.3146600243917,4412.217569878358,1811.7207557047877,,,,1639.6215250912685,,,1596.705196653224,2659.4311952618395,1739.8172847560354,,1574.627730143701,,,,,,,1693.5752110039082,,2054.067929486696,1939.0324559808832,,,,2688.0771994713477,,,,1551.5965693561618,,,,,,,,,,,3196.3512514985396,2135.1178718437013,,2996.6304536046814,,,,,,4032.530691893366,,,,,1744.4177415582967,,,1959.2844620000267,,,,,,,,,,,,,,,,,,,,,,,,,1707.4088886334443,1965.707531127527,5837.838448976057,2616.5840660109498,2835.252567646052,2967.1816766740867,2834.0615575881793,,,,,,,,,,,,,,,,,,,,,,,,,,,1791.671455630141,,,,,,,,,,,,,,,,,,,,,,,,,,,,,,,,,,,,,,,,,,,,,,,,,,,,,,,,,,,,,,,,,,,,,,,,,,,,,,,,,,,,,,,,,,,,,,,,,,,,,,,,,,,,,,,,,,,,,2588.1627845629514,,,,,,,,,,,,,,,,,,,2109.7619559042714,,,,,,,,,,,,,,,,,,,,,,,,,,,,,,,,,,,,,,,,,,,,,,,,,,,,,,,,,,,,,,,,,,,,,,,,,,,,,,,,,,,,,,,,,,
2017,2,,,,,,1578.435473516537,1445.0364134510385,,,,,1577.071981280825,1455.6327140427734,1518.2444942578493,,1265.5220737295322,2156.310594212086,1708.1492831929056,2310.499331983201,,2433.3812226993846,2713.0718069346212,,3238.274594933695,2553.3406610092484,1502.5128907106928,2840.106557321448,2248.488339001266,4488.142289798312,4184.851250119996,,,,,,,,,,1856.4038079156762,,1376.7762789254598,,,,,2008.8916305684281,,,,,,,,,,,,,,,,,,,,,,,,,,,,,,,,,,,,,,,,,,,,,,,,,,,,,,,,,,,,,,,,,,,,,,,,,,,,,,,,,,,,,,,,,,,,,,,,,,,,,,,,,,,,,,,,,,,,,,,,,,,,,,,,,,,,,,,,,,,,,,,,1209.7025968763419,,1259.8380550672443,,,,,,,,,,1443.892536868924,1225.0349343807106,,,1452.6959810904277,,,,,,,,,,,,,,,,,,,,,,,,,,,,,,,,,,,,,,,,,,,,,,,,,,,,,,,,,,,,,,,,,,1366.4034083929887,1563.1815622351428,,,,,,,,,1294.2739662942201,1895.8202884750629,,,,,,,,,,,,,,,,,,,,,,,,,,,,,,,,,,,,,,,,,,,,,,,,,,,,,,,,,,,,,,,,,,,,,,,,,,,,,,,,,,,,,,,,
2017,3,,,,1482.2642320860118,,,,,1102.5474401998981,2294.130082768885,2306.6149995144915,,,,,2429.3741928522636,,3062.2351892926076,1057.2748632383407,,,2684.003855062324,,,2458.6575856758927,,1125.8763721452187,,1813.0130503815203,,,,,,,,,,,,,,,,,,,,,,,,,,,,,,,,,,,1443.361646111442,,,,,2219.1500329631162,,,,,,,,,,,,,,,,,,,,,,,,,,,1302.7669359473007,,,,,,,,,,,,,,,,,,,,,,,,,1149.2451127030636,,1217.76284970325,1241.352089197546,,1259.9424866406853,,,1405.0692505593713,1516.5972648958711,,,1223.3012586269056,,1617.791467908372,2783.062197291496,1718.8064647445078,,,,,,,,,,,,,,,,,,,,,,,,,,,,,,,1286.6156325061131,,,,,,,,,,,,,,,,,,,,,,,,,,,,,,,,,,,,,,,,,,,1015.2975020470636,,,,,,,,,,,,,,,,,,,,,,,,,,1203.681157699224,,,,,,,,,,,,,,,,,,,,,,,,,,,,,,,,,,,,,,,,,,,,,,,,1060.2805348471175,1262.300316371184,1333.1602009418766,,,,,,,,,,,,,,,,,,,,,,,,,,,,,,,,,,,,,,,,,,,,,,,,,,,,,,,,,,,,,,,,,,,,,,,,,,,,,,,,,,,,,
2017,4,,,,,,,,,,258.5536309538792,,,,,,,,339.85314584961407,,,,,667.0905659641223,,598.6808085531425,,,,,265.0428435450268,,,,,,,,,316.54953898824795,,,,,,,,,,,,332.9599782393074,,,,,,,,,,,,,,247.97559017617598,,,,,,,,,527.1186782983666,,,,,,,,,,,,,320.6809848915186,,,,,,,,,,,,,,284.3978625702634,,634.253186031532,,,,,,,,,,,,,,,,,251.88661959187937,,,,,,,,,,,,,,,,,,,,,,,,,,,,,,,256.6199893775496,,,,,,,,,,,,,,,,,280.17491588979175,,309.89967835107393,311.97493958754654,379.9478513260272,462.9051972652195,367.29987563747835,280.8334224184202,470.3197240090209,250.4363891157018,338.00973922184664,,,1301.5978272489206,,,,,,,,,,,,,,,,,,,,,,,,,,,,,,,329.2400447278914,,,,274.0622643078367,,,,,,,,,,,,,,,,,,,,,,,,,,,,,,,,,,,,,,,,,,,,,,,,,,,,,,,,,,,,,,,,,,,,,,,,260.1235728340507,267.0167992777836,295.32209165161373,,,,,,,,,,,,,,,,,,,,,,,,,,,,,,,,,,,,,,,,,,,,,,,,,,,,,,,,,,,,,,,,,,,,,,,,,,,,,,,,,,
2017,5,,,1020.3028868626386,,,,,812.1295200887063,676.503907763283,,703.5150247388634,,,,,,,1031.2397362714278,784.8667816633176,1592.7228927041817,896.2818069830938,676.1266917457557,1678.8654068005055,667.0229019925288,1401.5606835702717,1222.7526458462464,665.3908029428729,1618.072098232833,1337.3646277390592,1536.926130700193,,,,,671.7883674438797,,,,777.7077143356931,,,,,,,,,,,,,,,,,,,,,,,684.0849763047485,,,,,,767.6765009647731,651.098165613443,,,,,,,,,,,705.0028288406377,,,,,,,,,,,,,,,,,,,,,,,,784.7085961133363,,,,,,,,,,,,,,,,,,,664.5074108000839,,,,,,,,,,,,,,,,,,,,,,,,,,,,,,,,,,,,,,,,,,,,,,,,,,,,,,,,,,,,,,,,,,,684.6243403721928,,,,,,,,,,,,,,,,,,,,,,,,,,,,,,772.321410713701,,,,,,,,,,,,,,,,,,,,,,,,,,,,,,,,,,,,,,,,,,,,,,,,,,,,,,,,,,,,,,,,,,,,,,,645.9236986455523,667.1885023703468,693.36193999958,,,,,,,,,,,,,,,,,,,,,,,,,,,,,,,,,,,,,,,,,,,,,,,,,,,,,,,,,,,,,,,,,,,,,,,,,,,,,,,
2017,6,,,,,,,,,,716.6014863428533,,,,,,,,591.8078202069266,,,,,1986.2862219937883,,606.2110283028468,,,,,,458.5086254360036,,,472.18410078391395,,,,,752.568165871256,1213.4847303625686,,,,,,523.9833354967296,,1874.7714256169227,425.64383146966395,,460.624315286271,692.5459088820571,,,,,,,,,,,,,,,,,497.3049683962284,505.67915588313934,,708.9061914937218,,991.0930581181705,,,,,,,,585.2623989560509,,819.3287522961858,,,,,,,,,,,,,,,,,,,,,,,,,,,,,,,,,,,,,,1039.026952782817,,,,,,,,,662.1751303086496,1132.9127409432747,,959.8498950958551,,600.6883948677142,,,,,,,,,,,,,,,,,,,,,,,,,,,,,,,,,,,,,,,,,,,,,,,,,,,572.0042316598043,,,,,,,,,,,,,,,,,,,,,,,,,,,,,,,,,,,,,,,,,,,,,,,,,,,,,,,,,,,,,,,,,,,,,702.3642994445324,,,,,,,,,,,,,,,,,,,,,,,,,,,,,,,,,,,,,,455.4940658770983,485.1814192719715,529.4567795719355,575.5262150584649,,,,,,,,,,,,,,,,,,,,,,,,,,,,,,,,,,,,,,,,,,,,,,,,,,,,,,,,,,,,,,,,,,,,,,,,,,,
2017,7,,,,,,540.3059970818449,,,,,,,,,,,,484.28217191036543,,,,,845.4528544180328,,663.346750141066,,,,816.4209188319369,1461.3794459013284,,,,,,,,,,,,,,,,,,,,,,,,,,,,,,,,,,,,,,,,,,,,1347.991962054543,,,,,,1368.1775604197928,,,514.5501091591723,,783.932551833946,654.823834951483,1014.5268158742572,1000.247379603661,,,,,,,,,,,718.8707312160928,,,,,,546.7567797109429,,,,,,,,,,990.399122862454,,,,,,,,,,,,,,,,,,,,,,,477.5598538251621,,,,,,,595.719629277633,,,,528.4221906928012,,,,,,,,,,,,,,,,,,,,,,,,,,,,,,,,,,,,496.0086907077606,,,526.8513505445334,,,564.4498714058518,,,,608.0436747624838,635.5141899704302,,,929.9034696850225,,,,,,,,,,,,,,,,,,,,,,,,,,,,,,,,,,,,,,,,,,,,,,,,,,,,,,,,,,,,,,,,,,,,,,,,,,,,,,,,,,,,,,,,,,,,,,,,,602.009648551909,,477.59271207552905,576.4847578736996,578.4473451316773,645.416977888931,,,,,,,,,,,,,,,,,,,,,,,,,,,,,,,,,,,,,,,,,,,,,,,,,,,,,,,,,,,,,,,,,,,,,,,
2017,8,,,,,,,531.1916238807024,258.2917882044073,,,,,,,,,,481.7584782828009,321.1686809475307,,,279.54505467521534,290.79013438459026,,552.2480272731608,,,238.1299970111306,237.3895560258189,530.566431431872,,,,,,,,,307.4567078651904,,,,,,,,,,,427.79190480350195,,,,,,,,,,,,,573.2726712737634,,1060.0091940498885,,,,,,,,,324.78815915904954,,,,,,668.2348049951399,,,,,,,,,247.47691000596478,,,,,,,,,,,,,,,,,,,,,,,,,,,,,,,,,,,,,,,,,,,,,,,,,,,,,,,,,,,,,,470.8623904240836,,,,304.5030684933286,,,,,,,,,413.7448333162377,,,,,,,,,,,,,,,,,,,,,,,,,,,,,,,,,,,,,,,,,,,,,,,,,,,,,,243.67143076527805,,,,,241.2336289865426,,,,,,,,,,,,,,,,,,,,,,255.8370738801128,,,,,,,,,,,,,,,,,,,,,,,,,,,,,,,,,,,,,,,,,,,,,,,,,,,,,,,,,238.7959164329566,285.7398035531366,287.2962008690733,298.07207556626923,374.357179483859,424.5431050087135,615.0667569176838,,,,,,,,,,,,,,,,,,,,,,,,,,,,,,,,,,,,,,,,,,,,,,,,,,,,,,,,,,,,,,,,
2017,9,,,1196.5916178488264,,,751.7340210727834,,,1351.7885041474945,,789.8532110505103,,,,,,,785.4794271675723,,1287.1835434772736,,,1687.303255026632,,925.5630301086626,,,,715.1124738737044,,,,,,,,2634.4884918178295,760.1261130798447,,761.801255678871,,,1518.8143323346565,,,,801.7338988199176,,,3421.802659794202,,,1736.624606653956,1515.4587287993554,1330.5760723575083,1276.006722546747,,,,,,,,,,1286.9756564810286,,,,961.5692347804977,,,,,,,,,,,,,,,,,,956.2524624792816,,,,,,,,,,,,,,,,,,,,,,,,,,,,,,,,,,,,,,,,,,,,,,,,,,,,,,,,,,,,,,,,,,,,,,,,,,,,,,,974.4827322831171,,,,,,,,,,,,,,,,,,,,,,,,,,,,,,,,,,,,,,,,,,,,,,,,,,,,,,,,,,,,,,,,870.2218891038474,,,1677.9425984710772,,,,,,,,,,,,,,,,,,,,,,,,,,,,,,829.8029457128742,,,,,764.3350795025573,,2683.586247446533,,,,,,,,,,,,,,,,,,,,,,,,,,,,,,,,,,,,,,997.375912587552,1026.885646186677,,,,,,,,,,,,,,,,,,,,,,,,,,,,,,,,,,,,,,,,,,,,,,,,,,,,,,,,,,,,,,
2018,0,,,,,,,,859.592849919909,,,,,619.1576569539176,,654.9554973460014,,,1019.6564176459899,775.8534389774406,1340.0424661088634,637.4572812929896,,1428.9893284909417,,1489.7751150082597,816.732512083773,,1547.1778810859591,2158.042419750957,1390.812206638109,,,,,,,,,,,,,,674.7061575414899,,,,,,,,,,,,834.911921425189,,,,632.2272140016329,,,,,,,,684.7367527006439,647.4180384472702,,,,,,,,,,,974.0739467731654,,,,,,,,,616.830952746077,,,,,,,,,,,,,,,,,,,,,,,,,,,,,,,,,,676.2619109443251,,,,,,,,,,,,,,,,,,,,,,,,,,,,,,,,,,,,,,,,,,,,,,,,,,,,,,,,,,,,,,,,,,,,,,,,,,,,,,,,,,,,,,,,,,,,,,,,,,,625.6096220691556,,739.1587629836065,,,,,,,,,,,,,,,,,,,,,,,,,,,,,,,,,,,,,,,,,,777.4321359026753,,,,,,764.5768485416027,789.8816835660136,,,,,,,,,,,,,,,,,,,,731.9330119852326,,,,,,,,,,,,,,,,,,586.2942762420455,693.5755649742094,1004.5006865077454,,,,,,,,,,,,,,,,,,,,,,,,,,,,,,,,,,,,,,,,,,,,,,,,,,,,,,,,,,,
2018,1,,1722.557811846048,,,1299.0281587820139,726.9291364024289,,,,,,,,,,,,914.175676121765,,,,,894.3019391166441,,1088.4759161417282,,,,1622.5332212935805,3833.368345811284,,,,,,,,,,,,,,,,,,,,,,,,,,,,,,634.80258741697,,,,,,,,,,,,,,,,,,,,1885.8732470026068,,,,,,,1097.604242243098,,,,,,,,,,,,,,,,,,,,,,,,,,,,1647.0105408477268,,,,,,,,,,,,,,,,,,,,,,,654.192076431714,,,,,,2257.7514085047037,,,,,,,,,,,,,,,,,,,,,,,,,,,,,,,,,,,,,,,1065.1407463539178,1098.3739866272554,1155.5866528804524,1135.6152902606896,,,,,675.6531785398168,,,,,,,757.6307001522498,,,,,,,,,,,,,,,,,,,,,,,,,,,,,,,,,,,,,,623.9777534957519,,,,,,,,,626.1644955733378,,582.2170980748998,,,,,,,,,,,,,,,,,,,,,,,,,,,,,,,,,,,,,,,,,,,,,,,,,,,,703.4745649704204,,,,,,,,,,,,,,,552.6949123660671,595.5272216485077,614.473221450227,628.7681218805551,668.744805793216,810.2329222372213,,,,,,,,,,,,,,,,,,,,,,,,,,,,,,,,,,,,,,,,,,,,,,,,,,,,,
2018,2,,,2457.5853060676427,,,1902.4692146064542,,,,,,,,,,,,1885.7720425651644,,1838.9562221771323,,,7499.054773847305,,,,,,1704.056508694709,2115.748520545817,,,,,,,4368.07203268164,,2493.7672259354845,4659.324563236104,,,,,,,,2333.0076675243363,1786.27824755498,3231.4350344798563,1770.56349917882,1944.315226286378,,,1527.509821940654,2916.731324838666,,,,,,,,,,,,,,,3210.893347022797,2750.3394594321476,,2540.3566531483225,,,1674.5698689031296,,,,,,1512.506737126551,,,2087.4257718975,2747.0211830347594,2599.7274987257842,,,,,,,,,,,,,,,,,,,,,,,,,,1513.9929364752381,3750.6300120935057,,,,,,,,,,,,,,,,,,,,,,,,,,,,,,,,,,,,,,,,,,,,,,,,,,,,,,,,,,,,,,,,,,,,,,,,,1472.35285296687,,,,,,,,,,,,,,,,,,,,,,,,,,,,,,,,,,,,,,,,,,,,,,,,,,,,,,,,,,,,,,,,,,,,,,,,,,,,,,,,,,,,,,,,,,,,,,,,,,,,,,,,,,1545.7168120214262,,,,1579.2496761440382,,,,,,,,,,,,,,,,,,,,,,,,,,,,,,,,,,,,,,,,,,,,,,,,,,,,,,,,,,,,,,,,,,,,,,,,,,
2018,3,,,,419.7031653771129,,,,,,757.6750962922056,463.2380599834481,,,,,589.362989961377,,909.9858586666448,518.7852996339607,,,479.7347478018154,,,769.6840627774131,,,,,,,,,,,,,,,,,,,,,,,,,527.3432815448772,,,,,,,,,,,,,,591.606184713131,,,,,584.930107906064,,,,,,,,,,,,,,,,,,,,,,,,,,,,,,,,,,,,,,,,,,,,,,,,,,,,382.4214800311703,1013.4143641030989,459.4481227827826,410.1639032849173,,,490.30402776114016,,,423.9063361859432,,1267.19658865391,440.5475571106959,1238.6545588773517,538.1239967596598,913.4736245232053,,,,,,,,,,,,,,,,,,,,,,,,,,,,,,,,352.0901852512206,,,,,,,,,,,,,,,,,,,,,,,,,,,,,,,,,,,,,,,,,,,,,,,,,,,,,,,,,,,,,,,624.7174544891554,,,,,,,,,,,,,,,,,,,,,,,,,,,,,,,,,,,,,,,,,,,,,,,,,,,,,,,364.1186087664508,377.653175638524,,,,,,,,,,,,,,,,,,,,,,,,,,,,,,,,,353.6348877160987,365.4271026793657,366.9434783593209,396.98873755934653,,,,,,,,,,,,,,,,,,,,,,,,,,,,,,,,,,,,,,,,,,,,,,,,,
2018,4,,,,762.7310628543601,,,,,,1226.5594473670715,1027.0545410515251,,,,,966.720585040264,,1367.4728088909724,1000.2980018269559,,,1503.6794597579226,,,1384.626063322874,,,,,,,,,,,,,,,,,,,,,,,,,,,,,,,,,,,,,,,637.4231617322151,,,,,897.0883362960464,,,,,,,,,,,,,,,,,,,,,,,,,,,1496.5406470586242,,,,,,,,,,,,,,,,,,,,,,,,810.3202481799144,561.1385574461892,,569.3027600883054,599.1951437748849,,532.8303841056907,,,989.7711786206654,682.6115640606582,,,568.0516949664882,,883.9555825366643,1595.899591225745,1317.1173581377595,,,,,,,,,,,,,,,,,,,,,,,,789.8890826768239,,,,,,,561.5978809112536,,,,,,,,,,,,,1376.5649045899088,,,,,,,,,,,,,,,,,,,,,,,,,,,,,542.5690177501627,1152.1732047131397,,,,,,,,,,,,,,,,,,,,,,,,,,,,,,,,,,,,,,,,,,,,,,,,,,,,,,,,,,,,,,,,,,,,,,,,,,,,,,,,,,,,,,,,,,,,,,,,,,,,,,,,,,,,,,,,,582.386466102285,599.0439149351156,781.044769218949,,,,,,,,,,,,,,,,,,,,,,,,,,,,,,,,,,,,,,,,,,,,,,
2018,5,,,,,,,,,,,,,,,,,,352.3268572400893,350.35970169722873,,,,378.4212602610107,,368.8487698933771,,,,,,,,,,,,809.2324627922554,,403.24558988155854,,,,,,,,,,473.535090067323,558.9881860004839,,,,,,331.9583210008821,,,,,,,,,,,,,,,,,,1202.0256932754628,,,,,,,,,,,,,,359.58902207385466,,,,,,,,,,,,,,,,,,,,,,,,,,,,,,,,,,,,,,,,,,,,,,,,,,,,,,,,,709.9861325102097,,,,558.7366303803456,,,,,,,,,,,,,,,,,,,,,,,,,,,,,,,,504.20847455781427,,,,,,,,,,,,,,694.0444823612672,733.1487497305556,,,933.386954795472,,,,,,,,,,,,,,,,,,,,,,,,,,,,,,,,,395.9000417062537,591.5421637097286,916.7246795359757,,,,,,,,,,498.1929785865267,,,,,,,,,,573.1672536273206,,,,,,,,,,,,,,,,,1265.2628056150554,,,,,,,,,,,,,,425.09683983587956,,,,,,,,,,,,,,,668.9881131829775,750.7318176371105,,,,,,,,,,,,,,,,,,,,,,,,,,333.295340015577,352.0584077577885,360.48271779862273,380.4985462989103,,,,,,,,,,,,,,,,,,,,,,,,,,,,,,,,,,,,,,,,,,
2018,6,,,1735.34050042274,,,,1847.6815298098415,,2128.3538446282646,1711.491571204912,1896.1717552981293,2008.562885054124,1863.5404896505624,1673.3722575696227,,2044.8467046910241,2649.1036616205724,2019.5475571095292,2553.319566748876,1784.3583780704766,3204.5969339402245,3543.4968665965007,,4020.219311630197,3470.5208762407487,1634.9865203409156,3356.251479085546,2939.159632555845,5305.939174511448,5658.712955436514,,,,,,,,,,,,,,,,,2082.6731109789416,,,1712.1923498123483,,,,,,,,,,2085.998328637071,,,,,,,,,,,,,,,,,,,,,,,,,,,,,,,,,,,,,,,,,,,,,,,,,,,,,,,,,,,,,,,1626.257660544803,,,,,,,,,,,,,,,,,,,,,,,,,,,,,,,,,,,,,,,,,,,,,,,,,,,,,,,,,,,,,,,,,,,,,1619.6487681565475,,,,,,,,,,,1777.6239955829728,,,,,,,,,,,,,,,,,,,,,,,,,,,,,,,,,,,,,,,,,,,,,,,,,,,,,,,,,,,,,,,,,,,,,,,,,,,,,,,,1812.2894785122328,2389.968322156829,,,,,,,,,,,,,,,,,,,,,,,,,,,,,,,,,,,,,,,,,,,,,,,,,,,,,,,,,,,,,,,,,,,,,,,,,,,,,,,,,,,,,,,,
2018,7,,,,,,,,,,,,,,,,,,,,,,,1101.696713368574,,805.5338054159628,,,,683.9066965132395,,785.1983477333764,652.0130614800071,,,1181.089237776562,,,,1144.9987217677262,,,,,,,,,641.9733594370729,943.2075594391573,,1276.0415317054067,1113.5458940249844,,,,749.4088818272942,,,,,,,,,,,,,,,,,,1707.7271416873089,,,,,,,,,,,,,,,,,,,,,,,,,,,938.1001775807923,,1581.7141273573518,,,,,754.0193773021585,,,,,,748.2272688775079,775.0029170322672,996.3709834032004,1328.3472430972608,2365.315878072411,1387.6293272313399,,,,,,,,,,,,,,,,,,,,,,,,,,,,,,,,754.5019378767045,,641.3256136552247,,,,,,,748.0656644972086,,,,,,,,,,,,,,,,,,,,,,,,,,,,,,,,,,,,,,,,620.8198703534802,,,,,,,,,,,,,,624.2415330779206,,,,,,,,,,,,,,,,,,,,,,,,,,,,,,,,,,,,,,,,,,,,,,,,,,,,,,,,,,,,,,,,,,,,873.6490900664343,,,,,,,,,,,,,,,,,,,,,,,,,,,,,,,,,,,,,,,,,,,,,,,,,659.9143304850428,1122.6853305202274,,,,,,,,,,,,,,,,,,,,,,,,,,,,,,,,,,,,,,,,
2018,8,,,,,,,2311.9677807432286,,,,,,,,,,,,,,,,1241.3909886277809,,926.2849107021896,,,,,,,,,,,,,,1045.2149079041603,,,,,,,,,,793.0347345200288,,,,,,,,,,,,,,,,1888.0120727178466,,,,,,,,,1531.5158468886127,,,,,,1827.115055595199,,,,,956.2558949021975,,,935.3608393576002,830.2900227492444,,,,,,,,,,,995.6545029404696,2654.4946471685316,,3326.6051677608993,,1527.4310406663542,,,,,,,,,,,,,,,,,,,,,,,,,,,,,,,,,,,,816.5064647248512,,,,793.3024992126469,,,,,,2264.391736979703,,,1397.8606021412031,,1572.5459250427448,869.9919126343095,871.5890462276235,785.7312784680123,,,1363.9202971568207,1229.983169570729,1929.2569657047072,2091.5569027205215,,,,,,,,,,,,,,,,,,,,,,,,,,,,,,,,,,,,,,,,,,,,,,,,1051.115064229596,,,,,,,,,,,,,,,,,,,,,,,,,,,,,,,,,,,,,,,,,,,,,,,,,,,,,,,,,,,,,,,,,,,859.2226234166721,,,,,,,,,,,,,,,,,,,,,,,,,,,,,,,,,,,,,,,,,,,,,,,,,,,,,833.8485376514095,,,,,,,,,,,,,,,,,,,,,,,,,,,,,,,,,,,,,,,
2018,9,,,,,,,,,,,,,,,,98.18490026694796,,252.14151324202132,,,,103.05124428409246,,,286.09261137424073,,,,,,,,,,,,,,115.82875507675348,446.5743478551721,,,,,,,,,,,,,,,,,,,,,,,,104.43985998393171,,,,,117.6663841176477,,,,,,,,,,,,,,,,,93.93341009637655,,,,,,,,,,,,,,,,,,,,,,,,,,,,,,,,,,,,,95.18024775495032,,,,,,,,,,,,,,,,,,,,,,,,,,,,,,,,,,,,,,,,,,,,,,,,,,,,,,,,122.8583638574215,,,,,,,,,,,,,,,,,,,,,,,,,,,,,,,,112.80973335962881,,,138.53594773898112,,,,,,,,,,,,,,,,,,,,,,,,,,,,,,,,,,,,,96.17579192611723,,,,,,,,,,,,,,,,,,,,,,,,,,,,,,,,,,,,,,,,,,,,,,,,,,,,,,,,,552.5917523274086,,,,,,,,,,,,,,,,,,,,,,,,108.79928987556954,,104.4200468070965,113.37724830173939,118.59178503818458,120.08500871743959,120.79837429667731,122.32600096485658,125.77475251780486,129.6721337699657,132.06455937935817,134.56388031854323,147.4756065000596,148.5408580609913,191.76725560184744,198.67677801877113,,,,,,,,,,,,,,,,,,,,,,,,,
2019,0,,,,,,,,,,,,,,,,,,,,,,,,,,,,,892.41752327508,,,,,,,,,,1031.3194288954141,,,,,,,,,,906.2716099778169,,,,,,,854.751161940474,,,,,,,,,,,,,,,885.4077620946586,,,1067.082983941451,,,,,,1593.204399157543,,,,,950.1802085465816,,,782.617793865306,,,,,,,,,,,947.1031122211514,,825.6426156861952,,1378.9410409098932,,1097.9966591058183,808.2281715278,728.6952789353446,710.3650688144608,,748.2992665879237,,726.9787085515904,878.3715000694782,792.9553777357263,1700.7810389706415,1270.8259126546898,1708.8254881688435,1433.3008876515528,1478.9439889338191,,,,,,,,,,,,,,,,,,,,,,772.661230166348,,,,823.0694615624029,,,,,,,,,,,,,,,,,,,,,,,,,,,,,,,,,,,,,,,,,,,,,,,,,,,,,,,,,,,,,,,,,,,,,,,,,,,,,,,,,,,,,,,,,,,,,,,,,,,,,,,,,,,,,,,,,,,,,,,,,,,,,,,,,,,,,,,,,,,,,,,,,,,,,,,,,,,,,,,,,,,,,,,,,,,,,,,,,,,,,,,,,,,887.1899312043968,,,,,,,,,,,,,,,,768.03565707411,815.4387463505618,,,,,,,,,,,,,,,,,,,,,,,
2019,1,,,,,501.5865036567747,,906.633662532651,,,,,,,,,,,,,,,,1217.5162756044672,,668.5800620663398,,,,628.13457334032,880.912334606548,,,,,,,,,567.4847077876937,,,,,,,,,,,,727.5250065763598,,,,,,,,,,,,,,1114.6851745291092,,,,,,,,,1635.3224884324811,,,,,,796.5605251757918,,,,,,,,,627.6386154650761,,,,,,,,,,,,1297.6161275928998,,1401.048640043051,,,,,,,,,,,,1119.4812790238263,,,,,,,,,,,,,,,,,,,,,,,,,671.7672875856756,,,,,,,,,,,1265.8725683699988,,,693.3911377626117,,717.1624892273045,,493.18001946749405,,,,669.2894038117695,643.5820968383707,751.4284353200874,840.5311152033888,,,,,,,,,,,,,,,,,,,,507.28833357098983,,,,,,,,,,,,,,,,,,,,,,,,,,,666.4217207855773,,564.8251567934863,,683.9076116694195,,,,,,,,,,,,,,,,,,,,,,,,,,,,,,,,,,,,,,,,,,,,,,,,,,,,,,,,,,,,,,,,,,,,,,,,,,,,,,,,,,,,,,,,,,,,,,,,,,,,,,,554.7363564055285,,,,,,,,,,,,,638.6621937268825,,,,,,,,,,,,,,,,,,,,,,,,,,,,,,,,,,,,,,,,
2019,2,,,,,132.6537515256689,,,,,295.7186160484708,226.2831822010771,,,,126.4385711395173,,,269.34754088120576,192.346938540602,,,164.4162646964276,,,306.4707745250678,,,,120.09877978973296,247.1223786945039,,,,,,,,,,,,,,,,,,,,,,,,,,,,,,,,,,160.81321949317908,,,,,143.46497909100765,,,,,148.88655252479293,,,,,,,,,,,,,,,,,,,,,,,,,,,,,,,,,,,,,,,,,179.47495675364513,,,,,,,,209.8989353825719,,,,,177.51776357583017,141.06710289881684,,,,,133.2339361296351,,123.01104354866759,485.06978311884643,,,414.59445377999657,,,,,,,,,,,,,,,,,,,,,,,,,,,,,,,,,,,,,,,,,,,,,,125.12823981526203,,,,,,,,,,,,,,,,,,,,,,,,,,,,,,,,,,,,,,,,,,,,,,,,,,,160.5948402049359,,,,,,,,,,,,,,,,,,,,,,,,,,,,,,,,,,,,,,121.58182472783494,,,,,,,,,,,,,,,,,,,,,,,,,,,,,,,,,,,,,,,,,,,,,,,,,,,,,,,,,,,,,,,,,,,,,,,,,,,120.08729237938819,129.56814227400736,137.31392086577145,138.1623535649944,148.95149213200298,236.55150797087433,,,,,,,,,,,,,,,,,
2019,3,,,,,,572.393831593854,,,,,,,,,,,,671.6036229014818,383.10599412810075,,,,,,533.0948810819513,,,,453.8542643117501,1243.9871033687,,,,,,,387.2271768790824,,,,,,,,,,,,,,,,,,,,,,,,,,,,,506.04098010706207,,,,,,,,,,,,,,659.8855551892301,,,,,,,608.4034972378421,,,,,,,,,,,,,,,,,,,,,,,,,,,,561.5014553463966,,,,,,,,428.12781428418197,,,,,,,,,,,,,,,624.1027423321372,,,,,,505.4379108390942,,,,,,,,,,,,,,,,,,,,,,,,,,,,,,,,,,,,,,,,,,404.4057678859826,,,,,,,,,,,,,,,,,,,,,,,,,,,,,584.1633433594269,,,,,,,,,,,,,,,,,459.71067398728337,411.5830465229487,793.9466294966297,,382.5138159006305,,,,,,503.089433548517,507.17929828105036,548.2850836745922,443.583035863962,,,,,,,,,979.7995503015427,,,,,,,,,,,,,,,,,684.5933392578452,,,,,,,,373.3765696472119,,,,,,,,,,,,,,,,,,,,,,,,,,,,,,,,,,,,,,,,,,,,,,,,,,,,,,,,,,,,,,,,,,,,,,,,,,,,,403.52080388698687,570.1251990161861,894.6452354197935,,,,,,,,,,,,,,
2019,4,,,1337.7312008920226,,,,,925.959015967555,,,,,,,,,,1065.7429262640164,,979.3191962821465,,,4188.393862794243,,,,,,,,881.5352761737875,,,879.1435427063591,,,3055.1215538939487,,1267.7487471047623,1806.084923591801,,,,,,,,1364.198941490698,1061.945848024837,2347.6468814570644,1106.2985976587859,,,,864.3491014440923,1831.0435210655987,,,,,,,,,,,,,,879.4158654719205,1478.9046165938614,1267.807330237316,,1277.399428138156,,,,,,,,,,,922.9377228273747,1071.2891192004097,1832.2741296760444,1403.3292250519773,,,,,,,,,,,,,,,,,994.9510941747417,,,,,,,,,898.7111453263183,972.4595502948039,,,,,,,,,,,,,,,,,,,,,,,,,,,,,,1117.4090531702084,,,,,,,,,,,,,,,,,,,,,,,,,,,,,,,,,,,,,,,,,,,898.9131727844834,,,,,,,,,,,,,,,,,,,,,,,,,,,,,,,,,,,,,,,,,,,,,,,,,,,,,,,,,,,,,,,,,,,,,,,,,,,,,,,,,,,,,,,,,,,,,,,,,,,,,,,,,,1126.1730856232768,,,,,,,,,,,,,,,,,,,,,,,,,,,,,,,,,,,,,,,,,,,,,,,,,,,,,,,,,,,,,,,,,,,,,,,,,,,,,,
2019,5,,,,,,432.7303930469798,,,,668.7193259897292,516.6574860894569,,,,559.3924956053944,,,707.1157366049982,489.1373722883644,430.0148784294123,,,866.9640902038703,,919.4610017163373,1313.488074072205,399.4098168796381,970.5115920397332,1300.5953837513966,1110.6706195108216,,,,,,,,,,1680.9530101262073,,,,,,,,,,,,,,,,,,,,398.6054377968598,,,,,,,,,,,,,,,,,,,,712.6764073179467,,,,,,,,419.9290713504137,,,,,,,,,,,,,,,,,,,,,,,,,,,,,,,,,,,,,,,,,,,,,,,,,,,,,,,,,,,,,,,,,,,,,,,,,,,,,,,,,,,,,,,,,,,,,602.6162618430528,,,,,,,,,,,,,,,,,436.36325519358735,,,,,,,,,,,,,412.85994148807924,,,,,,405.0775495419719,,,,564.2216380757443,588.1775545772621,,,,,,,,,,,,,,,,,,,,,,,,,,,,,,,,,,,,,,,,,,,,,,,,,,554.8056690042315,,,,,,,,,,,,628.7922000578607,,,,,,,,,,,,,,,,,,,,,,,,,,,,,,,,,,,,,,,,,,,,,,,,,,,453.7312206292308,,,,,,,,,,502.2757759081634,,,,,,,,,,,,,,396.4647438449802,432.5220515250765,,,,,,,,,,,,
2019,6,,,,234.08035740694768,,,,,,462.09361280910485,,,,,,,,276.65575704092294,297.5868948220035,,,180.58391663778406,,,505.3243332391927,,,,,,,,,,,,,,,,,,,,,,,,,,,,,,,,,,,,,,,,,,,,318.45616716596214,,,,,305.55895927038335,,,,,,,,,,,,,,,,,,,,,,,,,,630.493865172581,,,,,,,,,,,,,,,,,,,,204.19180052117616,,671.9698624924356,,,,,170.22139713260637,,309.9002296103962,,,595.0005479509207,217.85889545029664,380.96033601877645,251.127906686151,563.0384924548702,,,,,,,,,,,,,,,,,,,,,,,,,,,,,,,,,,,,203.28488595131478,,,,,,,,,437.59284248846376,,,,,,,,,,,,,,,,,,,,,,,,,,,,,,,,,,,,,,,,,,,,,,,,,,248.2187073860315,,,,,,,,,,,,,,,,,,,,,,,,,,,,,,,,,,,,,,,,,,,,,,,,,177.57480034365778,,,,,,,,,,,,,,,,,,,,,,,,,,,,,,,,,,,,,,,,,,,,,224.65807839003173,,,,,,,,,,,,,,,,,,,,,,,,,,,,,,,,,,,,179.5278301207253,193.45324427008563,205.12112492853095,208.83536642001724,232.7072642010932,338.09986380086127,348.0691855250039,,,,,
2019,7,,,,450.56396931361064,,,,,,559.0255982223616,723.3935607480822,,,,,643.1582357298049,,891.6307271530632,,,,890.9440995741887,,,868.5988594539725,,,,372.4443454675983,,,,,,,,,,,,,,,,,,,,,,,,,,,,,,,,,,,535.784425651508,,,,,552.8059869518128,,,,,,,,,,,,,,,,,,,,,,,,,,,841.584947291345,,,,,,,,,,,,,,,,,,,,,,,,396.19045790368364,380.64985479854727,,474.6267979728847,494.1015288146895,379.2979884145648,405.22631546973855,611.979125029177,,513.3330176132124,478.3263781111625,,,397.77747311798726,,571.0804055416702,744.4578993213806,,,,,,,,,,,,,,,,,,,,,,,,,512.3712070310406,,,,,,,,,,,,,,,,,,,,,,,,,,,,,,,,,,,,,,,,,,,,,,,,,,781.8172066428328,,,,,,,,,,,,,,,,,,,,,,,,,,,,,,,,,,,,,,,,,,,,,,,,,,,,,,,,,,,,,,,,,,,,,,,,,,412.9772444845465,,449.3753034738416,,,,,,,,,,,,,,,,,,,,,,,,,,,,,,,,,,,440.0300041121519,,,,,,,,,,,,,,377.929118417013,,,,,,,,,,,,,,,,,,,,,,,,,,,,,,,,379.9715144777074,,,,
2019,8,,,,,,,817.9051899017396,704.568553192096,659.4606803273792,,,,,570.2113288777491,,610.9729147481039,831.2256666675536,727.6454231067815,857.2255940982965,635.882972056704,965.3673419246174,1296.8506952499192,,1319.6117688852153,1113.234245105779,,978.1699332382293,659.5997220937835,1095.4225821078576,1305.4718727404322,,,,,,,,,,,,662.4717306903196,,,,,990.3207289080235,,,,,,,,,,,,,838.0981235901429,,,,,591.8438069776374,,,,,,,,,,,,,,,,,,,,,557.6848339144859,,,,,,,,,,,543.4769978723587,,,,,,,,,,,,,,,,,,,,,,,,,,720.3998086725694,,,,,,,,,,,,,,,,,,,,,,,,,,,,,,,,,,,,,,,,,,,,666.1705161440025,,,,,,,,,,,,,726.7398884493226,,,,,,,,,,,,,,,,,,,,,,,,,,,685.8196408712467,,,,,,,,,,557.3834525432454,,,,747.2096062865144,,,,,,,,,,,,,,,,,,,,,,,,,,,,,,,,,,,,,,,,,,,,,,,,,,,,,,,,,,,,,,,,,,,,,,,,,,,,,,,,,,,,,,,,,,,,,,,,,,,,,,,,,,,,,,,,,,,,,,,,,,,,,,,,,,,,,,,,,,,,,,,,,,,,722.9124609913705,,,
2019,9,,,826.9475160261153,,587.8812879700766,,,,593.0724768215256,654.0073353787991,,,961.6575931722498,,,706.6994359615561,723.7688457352152,746.8468401892667,,1153.5394616042,769.8856299333579,1423.9488537048242,675.2259883768577,1146.1303177629406,1031.0884126781048,811.233113109781,1362.2030100410477,891.8559906450553,3451.3692288076645,2097.0764319661457,,,,,,,,,,,,,,,,,,,,,,,,,731.044983788398,716.3929999895852,,,,,,,,,,,,,,,,,,,,,584.7372839551265,,,,,,,,,,,,,,,,,,,,,,,,,,,,,,,,,,,,,,,,,,,,,,,,,,,,,,,,,,,,,,,,,,,,,582.9077603237041,,,,,,,,,,,,,,,,,,,,,,,,,,,,,,,,,,,,,,,,,,,,,,,,,,,,,,,,,647.6893531937145,,,,,,,,,,,,,,,,,,,,,,,,,,,,,,,,,,,,,,,,,,,,,,,,,,,,,,,,,,,,,,,,,,,,,,,790.0968264039236,,,,799.8956144553158,,,,,,1103.1301085243906,,,,,,,,,,,,,,,,,,,,,,,,,,,,,,,,,,,,,,,,,,,,,,,,,,,,,,,,,,,,,,,,,,,,,,,,,,,,,,,,,,,,,,617.379427805245,631.583732560417,1022.6597823589527
